[
   {
      "model":"projects.agency",
      "fields":{
         "name":"General Services Administration"
      },
      "pk":1
   },
   {
      "model":"projects.agency",
      "fields":{
         "name":"Federal Election Commission"
      },
      "pk":2
   },
   {
      "model":"projects.agency",
      "fields":{
         "name":"Air Force"
      },
      "pk":3
   },
   {
      "model":"projects.agency",
      "fields":{
         "name":"United States Citizenship and Immigration Services"
      },
      "pk":4
   },
   {
      "model":"projects.agency",
      "fields":{
         "name":"Peace Corps"
      },
      "pk":5
   },
   {
      "model":"projects.agency",
      "fields":{
         "name":"Department of Education"
      },
      "pk":6
   },
   {
      "model":"projects.agency",
      "fields":{
         "name":"Department of the Treasury"
      },
      "pk":7
   },
   {
      "model":"projects.agency",
      "fields":{
         "name":"Department of the Interior"
      },
      "pk":8
   },
   {
      "model":"projects.agency",
      "fields":{
         "name":"Department of Labor"
      },
      "pk":9
   },
   {
      "model":"projects.agency",
      "fields":{
         "name":"Social Security Administration"
      },
      "pk":10
   },
   {
      "model":"projects.agency",
      "fields":{
         "name":"Navy"
      },
      "pk":11
   },
   {
      "model":"projects.agency",
      "fields":{
         "name":"Department of Health and Human Services"
      },
      "pk":12
   },
   {
      "model":"projects.accountingcode",
      "fields":{
         "billable":false,
         "office":"18F",
         "agency":1,
         "code":""
      },
      "pk":1
   },
   {
      "model":"projects.accountingcode",
      "fields":{
         "billable":true,
         "office":"OCSIT",
         "agency":1,
         "code":""
      },
      "pk":2
   },
   {
      "model":"projects.accountingcode",
      "fields":{
         "billable":true,
         "office":"",
         "agency":2,
         "code":""
      },
      "pk":3
   },
   {
      "model":"projects.accountingcode",
      "fields":{
         "billable":true,
         "office":"",
         "agency":3,
         "code":""
      },
      "pk":4
   },
   {
      "model":"projects.accountingcode",
      "fields":{
         "billable":true,
         "office":"",
         "agency":4,
         "code":""
      },
      "pk":5
   },
   {
      "model":"projects.accountingcode",
      "fields":{
         "billable":true,
         "office":"",
         "agency":5,
         "code":""
      },
      "pk":6
   },
   {
      "model":"projects.accountingcode",
      "fields":{
         "billable":true,
         "office":"",
         "agency":6,
         "code":""
      },
      "pk":7
   },
   {
      "model":"projects.accountingcode",
      "fields":{
         "billable":true,
         "office":"",
         "agency":7,
         "code":""
      },
      "pk":8
   },
   {
      "model":"projects.accountingcode",
      "fields":{
         "billable":true,
         "office":"",
         "agency":8,
         "code":""
      },
      "pk":9
   },
   {
      "model":"projects.accountingcode",
      "fields":{
         "billable":true,
         "office":"FAS",
         "agency":1,
         "code":""
      },
      "pk":10
   },
   {
      "model":"projects.accountingcode",
      "fields":{
         "billable":true,
         "office":"",
         "agency":9,
         "code":""
      },
      "pk":11
   },
   {
      "model":"projects.accountingcode",
      "fields":{
         "billable":true,
         "office":"Office of Human Resource Management",
         "agency":1,
         "code":""
      },
      "pk":12
   },
   {
      "model":"projects.accountingcode",
      "fields":{
         "billable":true,
         "office":"",
         "agency":10,
         "code":""
      },
      "pk":13
   },
   {
      "model":"projects.accountingcode",
      "fields":{
         "billable":true,
         "office":"",
         "agency":11,
         "code":""
      },
      "pk":14
   },
   {
      "model":"projects.accountingcode",
      "fields":{
         "billable":true,
         "office":"Centers for Medicaid and Medicare",
         "agency":12,
         "code":""
      },
      "pk":15
   },
   {
      "model":"projects.project",
      "fields":{
         "name":"Out Of Office",
         "description":"",
         "accounting_code":1
      },
      "pk":1
   },
   {
      "model":"projects.project",
      "fields":{
         "name":"General",
         "description":"",
         "accounting_code":1
      },
      "pk":2
   },
   {
      "model":"projects.project",
      "fields":{
         "name":"Ops/Admin",
         "description":"",
         "accounting_code":1
      },
      "pk":3
   },
   {
      "model":"projects.project",
      "fields":{
         "name":"Recruiting/Interviewing",
         "description":"",
         "accounting_code":1
      },
      "pk":4
   },
   {
      "model":"projects.project",
      "fields":{
         "name":"Ops/Acquisitions",
         "description":"",
         "accounting_code":1
      },
      "pk":5
   },
   {
      "model":"projects.project",
      "fields":{
         "name":"Ops/Legal",
         "description":"",
         "accounting_code":1
      },
      "pk":6
   },
   {
      "model":"projects.project",
      "fields":{
         "name":"Ops/Budget & Finance ",
         "description":"",
         "accounting_code":1
      },
      "pk":7
   },
   {
      "model":"projects.project",
      "fields":{
         "name":"Ops/Project Luca",
         "description":"",
         "accounting_code":1
      },
      "pk":8
   },
   {
      "model":"projects.project",
      "fields":{
         "name":"Outreach/18F Site",
         "description":"",
         "accounting_code":1
      },
      "pk":9
   },
   {
      "model":"projects.project",
      "fields":{
         "name":"Outreach/Communications",
         "description":"",
         "accounting_code":1
      },
      "pk":10
   },
   {
      "model":"projects.project",
      "fields":{
         "name":"Outreach/Events",
         "description":"",
         "accounting_code":1
      },
      "pk":11
   },
   {
      "model":"projects.project",
      "fields":{
         "name":"Guilds",
         "description":"",
         "accounting_code":1
      },
      "pk":12
   },
   {
      "model":"projects.project",
      "fields":{
         "name":"Workgroups",
         "description":"",
         "accounting_code":1
      },
      "pk":13
   },
   {
      "model":"projects.project",
      "fields":{
         "name":"api.data.gov",
         "description":"",
         "accounting_code":1
      },
      "pk":14
   },
   {
      "model":"projects.project",
      "fields":{
         "name":"/Developer Program ",
         "description":"",
         "accounting_code":1
      },
      "pk":15
   },
   {
      "model":"projects.project",
      "fields":{
         "name":"Open Source Policy",
         "description":"",
         "accounting_code":1
      },
      "pk":16
   },
   {
      "model":"projects.project",
      "fields":{
         "name":"FBOpen",
         "description":"",
         "accounting_code":1
      },
      "pk":17
   },
   {
      "model":"projects.project",
      "fields":{
         "name":"Consulting Services",
         "description":"",
         "accounting_code":1
      },
      "pk":18
   },
   {
      "model":"projects.project",
      "fields":{
         "name":"Dashboard",
         "description":"",
         "accounting_code":1
      },
      "pk":19
   },
   {
      "model":"projects.project",
      "fields":{
         "name":"CIO Support",
         "description":"",
         "accounting_code":1
      },
      "pk":20
   },
   {
      "model":"projects.project",
      "fields":{
         "name":"Trusted Internet Connection 3.0",
         "description":"",
         "accounting_code":1
      },
      "pk":21
   },
   {
      "model":"projects.project",
      "fields":{
         "name":"Platform as a Service",
         "description":"",
         "accounting_code":1
      },
      "pk":22
   },
   {
      "model":"projects.project",
      "fields":{
         "name":"Climate Project",
         "description":"",
         "accounting_code":1
      },
      "pk":23
   },
   {
      "model":"projects.project",
      "fields":{
         "name":"Digital Analytics Program",
         "description":"",
         "accounting_code":1
      },
      "pk":24
   },
   {
      "model":"projects.project",
      "fields":{
         "name":"Agile Corps",
         "description":"",
         "accounting_code":1
      },
      "pk":25
   },
   {
      "model":"projects.project",
      "fields":{
         "name":"Dogfood",
         "description":"",
         "accounting_code":1
      },
      "pk":26
   },
   {
      "model":"projects.project",
      "fields":{
         "name":"R2H",
         "description":"",
         "accounting_code":1
      },
      "pk":27
   },
   {
      "model":"projects.project",
      "fields":{
         "name":"Seeds",
         "description":"",
         "accounting_code":1
      },
      "pk":28
   },
   {
      "model":"projects.project",
      "fields":{
         "name":"Consulting - Agile BPA",
         "description":"",
         "accounting_code":1
      },
      "pk":29
   },
   {
      "model":"projects.project",
      "fields":{
         "name":"MyUSA",
         "description":"",
         "accounting_code":2
      },
      "pk":30
   },
   {
      "model":"projects.project",
      "fields":{
         "name":"FOIA Modernization",
         "description":"",
         "accounting_code":2
      },
      "pk":31
   },
   {
      "model":"projects.project",
      "fields":{
         "name":"openFEC",
         "description":"",
         "accounting_code":3
      },
      "pk":32
   },
   {
      "model":"projects.project",
      "fields":{
         "name":"Air Force Small Biz",
         "description":"",
         "accounting_code":4
      },
      "pk":33
   },
   {
      "model":"projects.project",
      "fields":{
         "name":"USCIS",
         "description":"",
         "accounting_code":5
      },
      "pk":34
   },
   {
      "model":"projects.project",
      "fields":{
         "name":"Midas",
         "description":"",
         "accounting_code":2
      },
      "pk":35
   },
   {
      "model":"projects.project",
      "fields":{
         "name":"CAP Communicart",
         "description":"",
         "accounting_code":2
      },
      "pk":36
   },
   {
      "model":"projects.project",
      "fields":{
         "name":"Peace Corps",
         "description":"",
         "accounting_code":6
      },
      "pk":37
   },
   {
      "model":"projects.project",
      "fields":{
         "name":"Income Verification Pilot",
         "description":"",
         "accounting_code":2
      },
      "pk":38
   },
   {
      "model":"projects.project",
      "fields":{
         "name":"Web Maker / NotAlone.gov",
         "description":"",
         "accounting_code":7
      },
      "pk":39
   },
   {
      "model":"projects.project",
      "fields":{
         "name":"Web Maker / myRA",
         "description":"",
         "accounting_code":8
      },
      "pk":40
   },
   {
      "model":"projects.project",
      "fields":{
         "name":"Web Maker / EITI",
         "description":"",
         "accounting_code":9
      },
      "pk":41
   },
   {
      "model":"projects.project",
      "fields":{
         "name":"OASIS",
         "description":"",
         "accounting_code":10
      },
      "pk":42
   },
   {
      "model":"projects.project",
      "fields":{
         "name":"Consulting / DOL WHD",
         "description":"",
         "accounting_code":11
      },
      "pk":43
   },
   {
      "model":"projects.project",
      "fields":{
         "name":"Consulting / GSA OHRM",
         "description":"",
         "accounting_code":12
      },
      "pk":44
   },
   {
      "model":"projects.project",
      "fields":{
         "name":"Consulting / SSA DCPS",
         "description":"",
         "accounting_code":13
      },
      "pk":45
   },
   {
      "model":"projects.project",
      "fields":{
         "name":"Consulting / DATA Act",
         "description":"",
         "accounting_code":8
      },
      "pk":46
   },
   {
      "model":"projects.project",
      "fields":{
         "name":"Consulting / Navy Reserve - R2S",
         "description":"",
         "accounting_code":14
      },
      "pk":47
   },
   {
      "model":"projects.project",
      "fields":{
         "name":"FICAM",
         "description":"",
         "accounting_code":2
      },
      "pk":48
   },
   {
      "model":"projects.project",
      "fields":{
         "name":"Project Tangerine",
         "description":"",
         "accounting_code":2
      },
      "pk":49
   },
   {
      "model":"projects.project",
      "fields":{
         "name":"Developer Program / CMS",
         "description":"",
         "accounting_code":15
      },
      "pk":50
   }
]
